[[{"location":"C:\\Temp\\java","type":"JRE","hints":{}},"jre:jre:1.8.0"],[{"location":"C:\\Temp\\java\\jre\\lib\\ext\\jfxrt.jar","type":"JAR","hints":{}},"ABSENT"],[{"location":"\\\\ndrive\\pm002501\\My Documents\\_GIT_Drive\\Year3\\Prototype\\API\\resources\\opencv-2410.jar","type":"JAR","hints":{}},"ABSENT"],[{"location":"\\\\ndrive\\pm002501\\My Documents\\_GIT_Drive\\Year3\\Prototype\\API","type":"PROJECT","hints":{"PROJECT_NAME":"API"}},"ABSENT"],[{"location":"\\\\ndrive\\pm002501\\My Documents\\_GIT_Drive\\Year3\\Prototype\\GUI\\src\\resources\\webcam-capture-0.3.10.jar","type":"JAR","hints":{}},"com.github.sarxos:webcam-capture:0.3.10"],[{"location":"\\\\ndrive\\pm002501\\My Documents\\_GIT_Drive\\Year3\\Prototype\\GUI","type":"PROJECT","hints":{"PROJECT_NAME":"GUI"}},"ABSENT"],[{"location":"\\\\ndrive\\pm002501\\My Documents\\_GIT_Drive\\Year3\\Prototype\\GUI\\src\\resources\\controlsfx-8.20.8.jar","type":"JAR","hints":{}},"org.controlsfx:org.controlsfx:8.20.8"]]